taxa_clean,n,mean_afdm_dm,sd_afdm_dm,lower_ci_mean_afdm_dm,upper_ci_mean_afdm_dm,geom_mean,min_afdm_dm,median_afdm_dm,max_afdm_dm
Amphipoda,27,0.5765202904091793,0.23562558935553526,0.5334414328857582,0.6195991479326004,0.53414692411228,0.25,0.5,1
Arthritica,37,0.09761238107247733,0.033906232515960706,0.0923169382979616,0.10290782384699305,0.0923663090801699,0.04,0.09090909090909091,0.20670391061452514
Capitella,67,0.5336666724091057,0.20042983877628223,0.5104045904751696,0.5569287543430418,0.4925731987587721,0.11111111111111112,0.5,1
Chironomidae,36,0.49329204745871413,0.17756067921559254,0.46517827324957867,0.5214058216678497,0.4552329774274736,0.16666666666666666,0.5,0.8
Hydrobiidae,13,0.212428233995222,0.17039015621252057,0.16753339377940402,0.25732307421104,0.1639031291709491,0.058823529411764705,0.125,0.5
Salinator,12,0.2740590516955768,0.1486232316868287,0.23330041185502104,0.3148176915361326,0.24369701378753025,0.125,0.2153846153846154,0.5384615384615385
Salinator (shell removed),12,0.47478516723363967,0.060634897695030096,0.45815656934304694,0.4914137651242324,0.4711958469591483,0.38235294117647056,0.4755208333333334,0.5625
Simplisetia,46,0.45001175873655613,0.19341962232887586,0.4229194996353908,0.47710401783772144,0.4152215554908506,0.14285714285714285,0.424812030075188,1
Spisula,20,0.6530208428325484,0.15680137143147893,0.6197120829113802,0.6863296027537165,0.6339545318014165,0.38461538461538464,0.6499999999999999,0.8999999999999999
