taxa_clean,n,mean_dm_count,lower_ci_mean_dm_count,upper_ci_mean_dm_count,sd_dm_count,geom_mean,min_dm_count,median_dm_count,max_dm_count,min_count,max_count
Amphipoda,37,2.3974470219395545e-4,1.1594874723407332e-4,3.6354065715383756e-4,3.7129511544751895e-4,1.395558039027793e-4,3.2258064516129034e-5,1.0606060606060606e-4,0.002,1,563
Arthritica,49,0.0012155358901386496,0.001027158147127497,0.0014039136331498022,6.558347785831476e-4,0.0011061513646101859,4.7058823529411766e-4,0.001006896551724138,0.004666666666666667,2,535
Capitella,79,1.187615313079669e-4,1.0076705404609891e-4,1.367560085698349e-4,8.033686506965721e-5,9.953483799260647e-5,2.380952380952381e-5,1e-4,5e-4,4,837
Chironomidae,65,3.377529987633363e-4,2.0792350275724517e-4,4.6758249476942744e-4,5.239542086540741e-4,1.8590261187038758e-4,3.4482758620689657e-5,1.5789473684210527e-4,0.003,1,183
Hydrobiidae,33,0.0020183185784402222,0.0012946076435288764,0.002742029513351568,0.002041010726703863,0.001420394799026301,4e-4,0.0012222222222222222,0.009,1,49
Salinator,17,0.020037952435876312,0.00256323301091279,0.037512671860839834,0.03398742103886663,0.005589061849370905,2.8571428571428574e-4,0.0065,0.1155,1,17
Salinator (shell removed),15,0.02353147546897547,0.019028827779926052,0.028034123158024886,0.008130729089174584,0.022117597769957285,0.010428571428571428,0.0225,0.034,2,16
Simplisetia,57,0.0011819969755093253,8.56278907917475e-4,0.0015077150431011756,0.001227569637416872,8.582623818421781e-4,6.25e-5,8.30188679245283e-4,0.006,1,231
Spisula,23,0.01296380171498319,0.007424150998846913,0.018503452431119467,0.012810442424732671,0.0072227049595151764,0.001,0.004636363636363636,0.043,1,23
