taxa_clean,n,r2,pval,Slope,Slope_lowCI,Slope_highCI,Int,Int_lowCI,Int_highCI,a,a_low_ci,a_high_ci,sf
Amphipoda,37,0.6457999424149141,2.1250985316815568e-9,0.7066000949307223,0.5768794171424949,0.8654905675595941,-3.411879422206888,-3.651306705520565,-3.172452138893211,3.8736517830485236e-4,2.2319953962285724e-4,6.72276392759117e-4,1.257554526694685
Arthritica,49,0.9422559084720239,9.36230409374345e-31,0.9208008228231533,0.858157646399183,0.988016780913698,-2.8211640603488535,-2.9414738703163668,-2.70085425038134,0.0015095098096196006,0.001144263723311183,0.001991341522865119,1.0746811780227763
Capitella,79,0.739350252883506,3.460576402625906e-24,0.8720876481537275,0.7768861476673552,0.9789553699031122,-3.7499703503626654,-3.9556561632941176,-3.544284537431213,1.7784008187641688e-4,1.1075002596290108e-4,2.855718944247025e-4,1.1440804701220206
Chironomidae,65,0.410740227198733,8.898274359491036e-9,0.6103345842363535,0.5036723199542508,0.7395846266652052,-3.2583132798419996,-3.4182221967171715,-3.0984043629668276,5.516793398933599e-4,3.8174890787711865e-4,7.972520360507246e-4,1.2491080811636697
Hydrobiidae,33,0.5962086663780269,1.4189615814772372e-7,0.9801308032977113,0.7781893059336629,1.234476475387222,-2.832315646915995,-3.0474751171678003,-2.6171561766641895,0.0014712428087641882,8.964475462959784e-4,0.002414592366596395,1.4060579814693839
Salinator,17,0.05001311888250508,0.38822203216025286,1.9686880648328944,1.178023656914954,3.2900295964899207,-2.6712776061976617,-3.355998281135059,-1.9865569312602644,0.0021316818811504858,4.405566071524886e-4,0.010314378603457082,5.2636926096341785
Salinator (shell removed),15,0.7705482459898128,1.6960535890704113e-5,0.9986136220380778,0.7523156398839468,1.3255462378448528,-1.6544383060228989,-1.849069425379881,-1.4598071866659168,0.02215958863391939,0.014155674723037604,0.03468908250804719,1.0638420495684486
Simplisetia,57,0.7963975004779738,1.1717308490786244e-20,0.9336968289451523,0.8267645426801824,1.0544595509092456,-2.978775705590678,-3.1528090704694507,-2.8047423407119054,0.0010500846121430957,7.033814805694101e-4,0.001567680871789605,1.3076346662404774
Spisula,23,0.14873707734990346,0.06914248408670041,0.9223189069128112,0.6137256240845063,1.3860789458119651,-2.105269616105124,-2.3859694541744707,-1.8245697780357775,0.007847483006031216,0.004111786400750419,0.014977185954676434,1.7063097889819374
