taxa_clean,n,r2,pval,Slope,Slope_lowCI,Slope_highCI,Int,Int_lowCI,Int_highCI,a,a_low_ci,a_high_ci,sf
Amphipoda,33,0.5464209755588112,8.948890461307704e-7,0.684664047041291,0.5362834448713328,0.874099064205547,-3.3954539857155215,-3.6535404389643973,-3.1373675324666457,4.0229627775769305e-4,2.2205449096576708e-4,7.288404498995036e-4,1.2419693306670245
Arthritica,43,0.9287863577216228,3.8522703971334944e-25,0.9086204039052312,0.8353571629744524,0.9883090431082524,-2.8056594249139275,-2.9407488250954428,-2.6705700247324122,0.0015643739486671075,0.0011461756422962682,0.0021351577899225145,1.0764327019084747
Capitella,62,0.5618300434601885,2.4000698242296996e-12,0.8818630231618385,0.7439097906809069,1.045398785393479,-3.7766010047563796,-4.065992012599186,-3.487209996913573,1.6726265849714903e-4,8.590293203439311e-5,3.256791853895369e-4,1.1197218501016462
Chironomidae,59,0.2817969098090746,1.5242554941699121e-5,0.5778712665212652,0.4623977514684229,0.7221817139257769,-3.2282365812320593,-3.3931423973279564,-3.063330765136162,5.912394696682459e-4,4.0444326030413826e-4,8.643093971468807e-4,1.243213114755673
Hydrobiidae,28,0.35515978492249634,8.187062125124011e-4,0.8576541075910288,0.6238365362940511,1.1791078679640623,-2.7767607190790318,-2.997683475864035,-2.5558379622940284,0.0016720115799055055,0.0010053482450158376,0.002780750587866262,1.3808704129747513
Salinator,14,0.20533776963245937,0.10369222729233661,1.9221937369700448,1.1259685455571076,3.2814671218179865,-2.7215867568219916,-3.336956608870023,-2.10621690477396,0.001898511548124774,4.6030256092714105e-4,0.007830384630281559,3.127810713490498
Salinator (shell removed),12,0.5972872018356244,0.0032060400330939606,0.8661207455543686,0.5614863647362548,1.3360344845275591,-1.5846676697398232,-1.8141132502298611,-1.3552220892497853,0.026021500153623756,0.01534216855523784,0.044134469505216836,1.056537818039637
Simplisetia,49,0.7469301558874047,1.2593185673022562e-15,0.892305815361332,0.7702541578148229,1.0336973323019292,-2.9503170504627585,-3.1339846758030983,-2.7666494251224187,0.0011211996397270275,7.345397861325824e-4,0.001711396245454178,1.3145862063434477
Spisula,20,0.011199341281584379,0.657006938215704,0.7002006915066935,0.43569956861921216,1.1252731094965622,-1.9606344042728343,-2.201729006022841,-1.7195398025228275,0.010948776631739984,0.006284503811667237,0.019074808978424868,1.453387646587445
