taxa_clean,n,r2,p,slope,slope_se,slope_ci_lower,slope_ci_upper,intercept,intercept_se,intercept_ci_lower,intercept_ci_upper,a,a_ci_lower,a_ci_upper,sf
Arthritica - flesh,4,0.9228542372382138,0.026054677360097988,0.8191447043094033,0.13487189608029856,0.23883777247302096,1.3994516361457858,-4.647351385543998,0.27544819547285604,-5.832509315699846,-3.4621934553881504,0.009586960495345413,0.002930713659841136,0.03136089779043637,1.0036778037218343
