taxa_clean,n,r2,p,slope,slope_se,slope_ci_lower,slope_ci_upper,intercept,intercept_se,intercept_ci_lower,intercept_ci_upper,a,a_ci_lower,a_ci_upper,sf
Hiatula alba,31,0.9626442904137322,1.820329563427779e-22,1.0793618462714833,0.03879460281766691,1.000017974634026,1.1587057179089406,-2.470300158500474,0.060927647225935085,-2.594911188632361,-2.345689128368587,0.08455947394708452,0.07465250577117022,0.09578117385805174,1.0461932128410434
Spisula,21,0.8809304950494963,1.9444414706556567e-10,1.101332999630021,0.09023406566759001,0.9124709296606961,1.2901950695993458,-3.643320511965404,0.11398488232927684,-3.881893612519481,-3.4047474114113268,0.02616531730991742,0.020611757521789786,0.03321520880521284,1.1128472304465837
