taxa_clean,n,r2,p,slope,slope_se,slope_ci_lower,slope_ci_upper,intercept,intercept_se,intercept_ci_lower,intercept_ci_upper,a,a_ci_lower,a_ci_upper,sf
Arthritica - flesh,7,0.7740107567634029,0.005621563095733576,0.8137829236011997,0.17530147793389134,0.3631561286641386,1.264409718538261,-4.599095761770507,0.3687789908136383,-5.547072336920337,-3.6511191866206776,0.010060929109454917,0.0038988550849002783,0.0259620561270659,1.0265292054494324
