taxa_clean,n,r2,p,slope,slope_se,slope_ci_lower,slope_ci_upper,intercept,intercept_se,intercept_ci_lower,intercept_ci_upper,a,a_ci_lower,a_ci_upper,sf
Arthritica - flesh,7,0.987354549013591,3.885107456988106e-6,1.1221904753977776,0.05179150451353066,0.9890561746550195,1.2553247761405357,-1.4924132387884612,0.10895298198468449,-1.7724857952167017,-1.2123406823602207,0.22482943323143592,0.16991010171967091,0.29750011056179954,1.002252166283735
