taxa_clean,n,r2,p,slope,slope_se,slope_ci_lower,slope_ci_upper,intercept,intercept_se,intercept_ci_lower,intercept_ci_upper,a,a_ci_lower,a_ci_upper,sf
Hiatula alba,34,0.9896956577094868,1.3884350747059027e-33,1.0177483239925853,0.01807483044052498,0.9809310991908924,1.0545655487942782,-0.5005536704708025,0.031673778719341766,-0.5650710464576068,-0.4360362944839982,0.6061949345458462,0.5683197682168616,0.646594257704619,1.0115688206592333
Spisula,22,0.9521654931241433,6.9295638570494605e-15,0.9467744284014462,0.04625220584456682,0.8502940176542633,1.0432548391486292,-1.5406428943261852,0.05404786551734894,-1.6533847661981163,-1.427901022454254,0.21424332132699703,0.19140096346507787,0.23981175382953404,1.0238783795953954
