taxa_clean,n,r2,p,slope,slope_se,slope_ci_lower,slope_ci_upper,intercept,intercept_se,intercept_ci_lower,intercept_ci_upper,a,a_ci_lower,a_ci_upper,sf
Arthritica - flesh,5,0.9870677002524374,4.065957659510126e-4,1.2231872565983524,0.06989035940626091,1.000764940530947,1.4456095726657578,-1.274827277433884,0.14839634836445506,-1.747090688003938,-0.80256386686383,0.27947923642367467,0.17428024220213104,0.44817842002634745,1.0014197480985707
