taxa_clean,n,r2,p,slope,slope_se,slope_ci_lower,slope_ci_upper,intercept,intercept_se,intercept_ci_lower,intercept_ci_upper,a,a_ci_lower,a_ci_upper,sf
Amphipoda,311,0.9624207732436784,1.894479376163438e-222,0.799100170179372,0.008967769819108611,0.7814545505997376,0.8167457897590064,-2.152410261913819,0.015491384285956516,-2.182892207747157,-2.1219283160804805,0.11620373852212772,0.11271506338291797,0.11980039261163619,1.0025998474054283
Capitella,287,0.9521342990869595,2.351726004516795e-190,0.832774357090519,0.011040004937436817,0.8110440658346129,0.854504648346425,-1.7018271242944816,0.02705791701028308,-1.7550858339366984,-1.6485684146522648,0.18235004329590654,0.1728924016193526,0.19232504134697032,1.0032566864270864
Spisula,37,0.9619835332411633,1.174723255214912e-26,1.0099055773254724,0.03344208413737184,0.9420145371809788,1.077796617469966,-1.4182320690957961,0.029292957292768353,-1.477699933937744,-1.3587642042538484,0.24214172854840735,0.22816187270354568,0.256978153315707,1.002566420274695
