taxa_clean,n,mean_dm_wm,lower_ci_mean_dm_wm,upper_ci_mean_dm_wm,sd_dm_wm,geom_mean,min_dm_wm,median_dm_wm,max_dm_wm,range_wm
Amphipoda,311,0.16351584297554453,0.16132330091717628,0.16570838503391278,0.01965084256066458,0.1623836764232336,0.12829779544633174,0.16032295271049596,0.22872340425531915,0.043-0.379
Capitella,287,0.2745789291928342,0.2710760884506857,0.27808176993498274,0.030148904527911205,0.2729577523182085,0.21013133208255158,0.2738927738927739,0.3650306748466258,0.026-0.178
Spisula,37,0.24085575868901934,0.23509843555350204,0.24661308182453665,0.017267655950174765,0.24023844305897976,0.20187793427230044,0.24346405228758167,0.27633136094674554,0.169-0.840
