taxa_clean,n,r2,p,slope,slope_se,intercept,intercept_se,a,sf
Arthritica,10,0.7402643857924442,8.610956317156198e-4,0.45200466816501844,0.0875566756218812,-6.223774763858551,0.32968915999901166,0.001981750440718375,1.0744014261368233
Capitella,13,0.775971705363034,4.283839367730041e-5,0.6875700426052163,0.10538828785294267,-7.602922291094262,0.44979723107934516,4.989911034674361e-4,1.1573812625837954
Hydrobiidae,8,-0.06319079054213428,0.4737366845498364,0.39430118116506613,0.5159866908532763,-5.280576938786279,0.9207071010459463,0.0050894936192245645,1.4441818899647538
Salinator,20,0.7020939820784686,2.440472464741326e-6,1.6056835030089318,0.237317163999655,-6.097896103174751,0.4502820093679312,0.0022475914491377723,1.8126831810575919
Simplisetia,13,0.8318309211011281,8.621649071748181e-6,0.6384750864290631,0.08218281428277033,-5.040479082334441,0.26374701167160636,0.006470647602640847,1.154223851763513
