taxa_clean,n,mean_afdm_count,lower_ci_mean_afdm_count,upper_ci_mean_afdm_count,sd_afdm_count,geom_mean,min_afdm_count,median_afdm_count,max_afdm_count,min_count,max_count
Arthritica,14,5.097009967801052e-4,2.2470977113873373e-4,7.946922224214766e-4,4.935914624556404e-4,3.2428211404831095e-4,6.666666666666666e-5,2.8424582833460574e-4,0.00165,1,206
Capitella,18,2.5045925402824237e-4,8.744239287936215e-5,4.1347611517712264e-4,3.2781157512685457e-4,1.6103538331125087e-4,5.617283950617284e-5,1.4105090311986864e-4,0.0014,1,472
Hydrobiidae,12,0.00236926424571805,0.0013057914540857201,0.0034327370373503792,0.0016737858491491263,0.0016615759872810297,1.2727272727272728e-4,0.0023954545454545452,0.00625,1,48
Salinator,22,0.012865052021841794,0.00629715538488152,0.01943294865880207,0.014813406812515122,0.005241725212951855,2.2e-4,0.005136363636363637,0.04653636363636364,1,80
Simplisetia,17,0.0033720986401971774,0.0011534376905558761,0.005590759589838478,0.004315180232892808,0.002048045188314939,4.3488372093023256e-4,0.0019211267605633803,0.0173,1,285
