taxa_clean,n,r2,intercept,intercept_se,slope,slope_se,p,a,sf
Arthritica,14,0.7971107753488857,-6.521205308573551,0.31292906784493346,0.567465059233434,0.07863702918579582,1.0627002757097683e-5,0.0014718939463706218,1.1291221633870172
Capitella,18,0.8202690200201541,-7.4043173758480645,0.32298447260368784,0.6608695506418689,0.07454931896634573,1.4285529103352764e-7,6.086194418265516e-4,1.1598784622325895
Hydrobiidae,12,0.4204533513284724,-5.967289222829176,0.5403159563843383,0.7545469308312406,0.25179062254449047,0.01341857077040071,0.002561174791488602,1.3978268919496806
Salinator,22,0.546461865592395,-5.764695485517973,0.5449238508697802,1.305890085296114,0.2546286046460389,5.117577977369491e-5,0.003136350282462075,2.1786848656508253
Simplisetia,17,0.853150225379669,-5.311045342091043,0.26328128390722,0.6950488953447885,0.07170603018513029,7.519025826705122e-8,0.004936763412851093,1.1992013151378484
