taxa_clean,n,mean_dm_wm,sd_dm_wm,lower_ci_mean_dm_wm,upper_ci_mean_dm_wm,geom_mean,min_dm_wm,median_dm_wm,max_dm_wm
Amphipoda,37,0.2414399939915897,0.11922403632261251,0.22281969869938978,0.2600602892837896,0.21872877103246777,0.09090909090909091,0.2096774193548387,0.6666666666666666
Arthritica,49,0.6223584051517026,0.058469746951062135,0.6144232252083441,0.6302935850950611,0.6197035529721105,0.5,0.6215139442231076,0.7936507936507937
Capitella,79,0.28865185411849353,0.12942187232185912,0.27481881076536446,0.3024848974716226,0.2685289445371143,0.11111111111111112,0.25,1
Chironomidae,65,0.3563983651497735,0.18127895948456482,0.33503772190481146,0.3777590083947356,0.3193951814710253,0.125,0.2857142857142857,1
Hydrobiidae,33,0.5569729042598622,0.11814890741806876,0.5374341736456513,0.5765116348740732,0.5430613043768565,0.2857142857142857,0.5789473684210527,0.7857142857142857
Salinator,17,0.5337371805392978,0.13442449284051683,0.5027645885675943,0.5647097725110012,0.5187166386897569,0.3333333333333333,0.5172413793103448,0.8297872340425532
Salinator (shell removed),15,0.3329191201557708,0.04332929589231946,0.32229092286749383,0.34354731744404776,0.3304361466302427,0.28185328185328185,0.3191489361702128,0.4265402843601896
Simplisetia,57,0.28486503423725873,0.08201423958755415,0.2745451354002477,0.29518493307426974,0.27366057066727806,0.125,0.27101631116687575,0.5
Spisula,23,0.23242359375707006,0.0644595554293897,0.21965488464786825,0.24519230286627186,0.22416098417850114,0.15151515151515152,0.2207792207792208,0.375
