taxa_clean,n,r2,pval,Slope,Slope_lowCI,Slope_highCI,Int,Int_lowCI,Int_highCI,a,a_low_ci,a_high_ci,sf
Amphipoda,33,0.8464816394914371,3.73316122858088e-14,0.8374005675839004,0.7257940666647378,0.9661689765697115,-0.9350846299708817,-1.158327588441652,-0.7118416715001116,0.11612223070600676,0.06945002582375764,0.19415935853441088,1.0628495575842527
Arthritica,41,0.9965306434726425,1.3778314840275193e-49,1.026677662398958,1.0072780225156615,1.0464509290458583,-0.1748718208840263,-0.20018684088685887,-0.14955680088119375,0.6685412039249097,0.6306859542610872,0.7086686144279398,1.0033280186556992
Capitella,65,0.8706964549759675,1.1100814717952245e-29,0.8726855415621657,0.797248175296174,0.9552609564377202,-0.7585650520684575,-0.8825364690511514,-0.6345936350857636,0.17435521748462413,0.13105799842895746,0.2319564027264566,1.0365713565139738
Chironomidae,59,0.7390676277222721,2.859172246747522e-18,0.7912128519193766,0.6912441016700771,0.9056392315390556,-0.931152685437959,-1.1572735690045426,-0.7050318018713755,0.11717833278357111,0.06961878361645876,0.197227830775992,1.068166646910102
Hydrobiidae,28,0.9539047402209422,6.719097078913984e-19,1.2080479826880097,1.1080080932809204,1.3171202785669218,0.12164690125314337,-0.08365791234289871,0.32695171484918545,1.3232652302696521,0.8247875327536348,2.123008411383967,1.018254804320266
Salinator,14,0.9858708319938821,1.805751275330002e-12,1.0967842967361776,1.0178462292944181,1.181844328687016,-0.1333231215439079,-0.28318208866508704,0.016535845577271224,0.7356595521975314,0.5209762331814995,1.0388093396017337,1.015901242040079
Salinator (shell removed),11,0.955773377943347,2.1201547249692914e-7,0.974514900541756,0.8321551122535219,1.1412286932974847,-0.5078572037386647,-0.6138382939033636,-0.40187611357396585,0.310558053684078,0.24331097895142476,0.3963910922708403,1.0059518829272107
Simplisetia,49,0.9605486449826223,1.2006418265027893e-34,0.9979501637038857,0.9414786439400118,1.0578089430354285,-0.5606161399525986,-0.6426198961339302,-0.47861238377126697,0.27503240091504577,0.22770895165795219,0.3321908120095323,1.0418248698635237
Spisula,19,0.8805081340260125,2.8992627247682528e-9,0.8957952630454282,0.7512490811611607,1.0681532575778065,-0.7431892373893877,-0.9189453937946891,-0.5674330809840863,0.18063868481812237,0.12051874656149945,0.2707490360113398,1.0267921165626417
