taxa_clean,n,r2,pval,Slope,Slope_lowCI,Slope_highCI,Int,Int_lowCI,Int_highCI,a,a_low_ci,a_high_ci,sf
Amphipoda,37,0.894732462072103,1.095822209232725e-18,0.8358617052569892,0.7479654229446842,0.9340870164352393,-0.9365035023656019,-1.1015831195018397,-0.7714238852293639,0.11574346979284675,0.07914379670325833,0.16926848796396063,1.0583115181158689
Arthritica,49,0.9968773759799312,1.5326587158908842e-60,1.0251833691571015,1.0085105406638224,1.0421318350371584,-0.1815362538066443,-0.2021806800159628,-0.1608918275973258,0.6583604693799748,0.6277971213415291,0.6904117475340018,1.0037247133042742
Capitella,79,0.9075282972833617,1.4761724421185397e-41,0.8675373626713708,0.809735291909242,0.9294655712192348,-0.7644693332892898,-0.8569163021407676,-0.6720223644378119,0.17200087914338177,0.13902205307042792,0.21280294581111497,1.0478219452664792
Chironomidae,65,0.7791117874388915,2.479173186907098e-22,0.80661404281377,0.7167966902481694,0.9076858513940883,-0.8868368198357042,-1.0841803072243483,-0.68949333244706,0.12976667597896932,0.08237960263622669,0.2044121318354798,1.074493583260187
Hydrobiidae,33,0.9713772901758089,1.728594311669486e-25,1.1424959355629833,1.0738841146977816,1.21549145286061,-0.006713705191363939,-0.13889690476462163,0.12546949438189375,0.9846599976074281,0.7262783449591176,1.3349638160323185,1.0191611009231234
Salinator,17,0.9874546208023285,1.11611092786887e-15,1.0968454253988529,1.031316354109656,1.1665381649620117,-0.13636915625950197,-0.24989959957308328,-0.02283871294592066,0.7305178693034525,0.5624713425820597,0.948770749673883,1.018682976251124
Salinator (shell removed),15,0.9749367109923855,8.612760058582587e-12,0.967742744506396,0.8802885060084561,1.0638853207243575,-0.4996275907027907,-0.5608904306552864,-0.43836475075029496,0.3164990489180206,0.2748587514308248,0.36444772976865664,1.0069233281843195
Simplisetia,57,0.9697525681527612,1.7994960206078693e-43,0.9828137819149898,0.9377092434476206,1.0300878835007459,-0.5831074631569069,-0.6468839674344163,-0.5193309588793974,0.2611515073154461,0.22548415686525805,0.3024607614178572,1.0392322177394666
Spisula,23,0.9306296214892235,1.208381548634779e-13,0.9702486625198853,0.8611853954629183,1.0931240498053256,-0.6800253667978122,-0.8100179544602866,-0.5500327791353379,0.20891741002804262,0.15487525895664409,0.2818170216912678,1.0348960886103828
