taxa_clean,n,r2,p,slope,slope_se,intercept,intercept_se,a,sf
Arthritica,17,0.9249802119899071,4.722657942368873e-10,0.7881622837390464,0.055973106480452214,-5.878662285036836,0.2072236846734725,0.0027985264028415223,1.0828961295878783
Capitella,17,0.7215514693231482,9.751672689754777e-6,0.6663218438666405,0.10225573506337152,-7.081414407508895,0.4558662397642683,8.405833797239051e-4,1.2263056643555361
Hydrobiidae,13,0.5240175816449347,0.003101732438997538,0.7465718288678193,0.19804279444993161,-4.773166491910859,0.42902398878645515,0.008453569574927803,1.2249691710328736
Salinator,22,0.7229055478443625,3.3119345454622256e-7,1.776770564266368,0.23788499871570515,-5.165467944508149,0.5103036359497541,0.005710390068025436,2.061508285065034
Simplisetia,17,0.9029807152541591,3.2814445988096904e-9,0.8067010086426033,0.0658853853095582,-5.277660034744005,0.24190976393808933,0.005104360856346359,1.1634442823409374
