taxa_clean,n,r2,intercept,intercept_se,slope,slope_se,p,a,sf
Arthritica,14,0.9605536898658343,-5.679761290022016,0.1515846332797937,0.7566330511023351,0.042459133623729356,5.341539391474072e-10,0.003414373391120506,1.0415271033455258
Capitella,12,0.698662218979965,-6.85112157157477,0.5257931692233244,0.618078379526498,0.1200573560432472,4.325802449506702e-4,0.0010582681036253986,1.1925205744099372
Hydrobiidae,9,0.8936305712413243,-4.841306584537758,0.19845475108709806,0.9652053167287274,0.11686837883426393,7.433396967298695e-5,0.007896729563407522,1.0305117505319985
Salinator,19,0.6829641342643422,-4.935846255940406,0.5270363186909899,1.7074852741656572,0.2707365565836684,7.883222952948283e-6,0.0071843785496017104,1.952348714534459
Simplisetia,11,0.9200264819017913,-5.038590247649939,0.21049479917670952,0.7836175112721713,0.0727440820909884,1.920127300055209e-6,0.006482881136188017,1.1020727276415996
