taxa_clean,n,mean_dm_count,sd_dm_count,lower_ci_mean_dm_count,upper_ci_mean_dm_count,geom_mean,min_dm_count,median_dm_count,max_dm_count,range_count
Arthritica,14,0.0019325687121586534,0.0011456424794531804,0.0016416921719046816,0.002223445252412625,0.0016505582019823715,8.08843537414966e-4,0.0012864068583408206,0.004266666666666667,1-173
Capitella,12,3.2136466318107395e-4,3.7769794420905976e-4,2.1778425854437623e-4,4.2494506781777167e-4,2.1894244462372018e-4,8.83076923076923e-5,2.2466133004926108e-4,0.0014285714285714286,5-343
Hydrobiidae,9,0.007729396135265701,0.0020607651223177956,0.007076820513198399,0.008381971757333002,0.007495184792362085,0.00472,0.007258333333333333,0.011416666666666667,2-23
Salinator,19,0.05177654348940533,0.059755499721010276,0.0387531342591725,0.06479995271963816,0.02152189983512385,4e-4,0.02552727272727273,0.18826875,1-35
Simplisetia,11,0.005160279612856921,0.004327659910598,0.003920682982263218,0.006399876243450624,0.004122203180407753,0.0020225806451612902,0.003222727272727273,0.0158,1-93
