taxa_clean,n,mean_dm_count,sd_dm_count,lower_ci_mean_dm_count,upper_ci_mean_dm_count,geom_mean,min_dm_count,median_dm_count,max_dm_count,range_count
Arthritica,17,0.001734149923109772,0.0011295431367808267,0.001473893194959366,0.001994406651260178,0.0014415032705105443,5.786407766990292e-4,0.0012534090909090908,0.004266666666666667,1-206
Capitella,17,3.1689643911409925e-4,3.5829232705315573e-4,2.3434271830091784e-4,3.9945015992728065e-4,2.1038735626985745e-4,7.058823529411764e-5,2.1896551724137931e-4,0.0014285714285714286,3-472
Hydrobiidae,13,0.006599809212526604,0.002996030526123493,0.005810407320176302,0.0073892111048769055,0.0053412014109955825,4.5454545454545455e-4,0.007075,0.011416666666666667,1-48
Salinator,22,0.056608228674734355,0.06290601773729204,0.04386720103229843,0.06934925631717029,0.021562640900623375,4e-4,0.030338636363636366,0.18826875,1-80
Simplisetia,17,0.003947257330876577,0.0038529470833259575,0.003059504248244519,0.004835010413508635,0.002922391110460457,8.403100775193798e-4,0.0028204225352112676,0.0158,1-285
