taxa_clean,n,r2,pval,Slope,Slope_lowCI,Slope_highCI,Int,Int_lowCI,Int_highCI,a,a_low_ci,a_high_ci,sf
Amphipoda,28,0.7721888483051569,7.770013478137019e-10,0.8877079581577623,0.7331879193369053,1.0747932394866966,-1.156384474919897,-1.441427322527007,-0.8713416273127873,0.06976145420847603,0.03618867459886929,0.13448020816527373,1.0704193663363415
Arthritica,37,0.9288290871318545,1.1408689938292466e-21,1.0222291738360363,0.9329233148891097,1.12008400601041,-1.2155779920736807,-1.3172717015510669,-1.1138842825962945,0.06087262188293751,0.048164637769647974,0.07693354017577957,1.0622032864818696
Capitella,67,0.880935450878572,9.624972764809713e-32,0.9260742980021164,0.8502942949082181,1.0086079732108337,-0.9948190135860122,-1.1174871892274654,-0.8721508379445589,0.10120011043138047,0.07629793971148718,0.13422986767467956,1.039171261664256
Chironomidae,37,0.7754017965651694,6.734592817840772e-13,1.05493170918479,0.8972319292524644,1.240349205997102,-0.787867942043144,-1.1044978976591104,-0.4712379864271776,0.1629791535645287,0.07861439967195505,0.3378796328338057,1.0416883398001027
Hydrobiidae,13,0.4382371920679156,0.01370581303211395,0.5203455503709713,0.3223431751391081,0.8399727764486467,-1.9103535708610053,-2.4033576078471612,-1.4173495338748494,0.012292675833984993,0.003950412002955691,0.038251675786317614,1.060899307775394
Salinator,11,0.8019615735871162,1.935263747664382e-4,0.9243378390187861,0.6648166857408084,1.2851669625136695,-0.9847068684452935,-1.4999196013024618,-0.46949413558812514,0.10358410824402327,0.03162863130512874,0.33923907035995143,1.170508030738117
Salinator (shell removed),12,0.9081437135911384,1.674823823654025e-6,0.9831187598333605,0.7953418235957797,1.215229059081275,-0.8190216033766321,-0.9629182358691258,-0.6751249708841384,0.15169749057698534,0.10891351242702739,0.21128809579778082,1.011864871834515
Simplisetia,47,0.9525523414794793,1.9854108378227287e-31,0.9109956876222434,0.853362067913053,0.9725217162463354,-1.0343385693841496,-1.1200242272054686,-0.9486529115628306,0.09239775742024192,0.07585352588061296,0.11255041182564053,1.0380390558664758
Spisula,20,0.9162275280690253,3.9194016713235805e-11,0.8788204962547125,0.7618434561421901,1.0137587432308834,-0.9630866707831318,-1.0999915330642709,-0.8261818085019926,0.10887128006642396,0.07943437209714059,0.14921696125207237,1.0197706884603042
