taxa_clean,n,r2,pval,Slope,Slope_lowCI,Slope_highCI,Int,Int_lowCI,Int_highCI,a,a_low_ci,a_high_ci,sf
Amphipoda,32,0.8283387515869272,5.223596616288723e-13,0.7943496746311814,0.681056810584469,0.9264886508442078,-1.2932096602317282,-1.4951526533592838,-1.0912666671041726,0.05090850455611043,0.03197770904128282,0.08104632613905191,1.075663238081357
Arthritica,43,0.9168396889545622,9.313697951438015e-24,1.0009161722002133,0.9140109941590253,1.0960843908597688,-1.2079186086600382,-1.3087443016412716,-1.1070929156788047,0.06195571757086668,0.04911969917251297,0.07814605961326818,1.088872128199318
Capitella,77,0.9133341371080697,1.4171500230184508e-41,0.8723111190474868,0.8152376455258499,0.933380214456437,-1.069961882983917,-1.1590842004776212,-0.9808395654902129,0.0851212743885734,0.0693291378509702,0.10451062249050322,1.0385511996207728
Chironomidae,41,0.8458603625003644,2.00629081850344e-17,1.0057188854398222,0.8859291393783054,1.1417058448264952,-0.8695659549655028,-1.1020417274761483,-0.6370901824548574,0.1350311744596553,0.07906026624050182,0.2306268235991983,1.0424460392474624
Hydrobiidae,16,0.7698494224065446,8.020495315464779e-6,0.7631048053529715,0.5815823818313045,1.0012836738952464,-1.434123522665452,-1.8025932645098017,-1.0656537808211024,0.03680242847553425,0.01575457657716407,0.08596985993644637,1.0973229768665613
Salinator,14,0.8255133624139543,6.905029021692844e-6,1.094808828329193,0.8443245811333571,1.4196037843392197,-0.6982836131707504,-1.130402109500935,-0.2661651168405659,0.20031634473449647,0.07406241862215542,0.541794863228865,1.2444908878512564
Salinator (shell removed),15,0.9641864012303641,8.80615349091959e-11,0.9994552281351993,0.8925303683744732,1.119189652746557,-0.8149364216697769,-0.8905938372591066,-0.7392790060804472,0.15313116208964717,0.12864892534848105,0.18227243437445984,1.010859319837671
Simplisetia,56,0.96668158066429,1.4233200613741336e-41,0.91454833515211,0.8701367653304495,0.9612266607443708,-1.0198992984189805,-1.08178375440427,-0.9580148424336911,0.09552140496082825,0.08283545185433122,0.11015016640140965,1.0353862375383003
Spisula,23,0.9542714990791922,1.5027568839276534e-15,0.8957877517296209,0.8130654878334647,0.9869262785793795,-0.951989108041381,-1.049383625370417,-0.8545945907123452,0.1116891258684063,0.0892516748555482,0.13976724646835292,1.0195463066147719
