taxa_clean,n,mean_afdm_wm,sd_afdm_wm,lower_ci_mean_afdm_wm,upper_ci_mean_afdm_wm,geom_mean,min_afdm_wm,median_afdm_wm,max_afdm_wm,range_wm
Amphipoda,32,0.1236331164810238,0.08890048827415727,0.10870335868002902,0.1385628742820186,0.1069839016166875,0.045454545454545456,0.10102040816326531,0.5,0.002-0.256
Arthritica,43,0.06732399888940152,0.030146203164527985,0.0629566086500321,0.07169138912877095,0.06183480538213031,0.030056864337936633,0.0574712643678161,0.16666666666666666,0.006-1.231
Capitella,77,0.13734909653234847,0.050608358755314116,0.1318701066817883,0.14282808638290864,0.1296934945254773,0.0625,0.12820512820512822,0.3333333333333333,0.003-0.402
Chironomidae,41,0.1374451005151651,0.03821160918113183,0.13177583229921228,0.1431143687311179,0.13188928613957654,0.058823529411764705,0.13333333333333333,0.25,0.004-0.116
Hydrobiidae,16,0.11008227134146009,0.07516500149701645,0.09223058348591869,0.1279339591970015,0.09181843297987886,0.037037037037037035,0.07495788882650196,0.25,0.004-0.146
Salinator,14,0.18491347917967518,0.13180564873001516,0.1514482648775514,0.21837869348179897,0.14872447160302724,0.06214689265536723,0.1278409090909091,0.4468085106382979,0.004-0.291
Salinator (shell removed),15,0.15490797999905917,0.024665511971954646,0.14885780258316536,0.16095815741495298,0.15324264739816568,0.1276595744680851,0.1444082519001086,0.2123287671232877,0.096-1.271
Simplisetia,56,0.12653012114473394,0.0448546890291019,0.1208358591943651,0.1322243830951028,0.12006744370406233,0.058823529411764705,0.11205927851934713,0.25,0.004-0.935
Spisula,23,0.14701732447239105,0.03728404459345582,0.13963177679591288,0.15440287214886922,0.1429369938361543,0.09863013698630137,0.13636363636363635,0.25,0.006-0.464
