taxa_clean,n,r2,intercept,intercept_se,slope,slope_se,p,a,sf
Arthritica,10,0.7067111377255213,-3.159752918842431,0.36275877794650263,0.5983060217497381,0.12561453851390106,0.0014212604290352302,0.042436224976861565,1.084140945490576
Capitella,13,0.878814256909897,-2.4645058559198314,0.28016249349559263,0.8773755748316461,0.0935171012233304,1.3931892066939771e-6,0.0850508593682896,1.0775298785941008
Hydrobiidae,8,0.8871606798092505,-0.9388035780093986,0.5117731555449605,1.1885772177048555,0.15878054007465436,2.9363569568738437e-4,0.3910954707797537,1.0509070319096603
Salinator,18,0.9605853414660841,-2.037981170578848,0.12212683787808828,0.8976718248365203,0.04404844240963022,7.161642118447092e-13,0.13029148182114947,1.0891729632000566
Simplisetia,14,0.9921089052669597,-2.3206072615035085,0.043585441768235325,0.8734772612050344,0.021599120353796044,3.380049589525208e-14,0.09821392595534971,1.007783828000994
