taxa_clean,n,r2,intercept,intercept_se,slope,slope_se,p,a,sf
Capitella,7,0.5235402493622179,-3.517432176647422,0.6187928128193856,0.6086115090281176,0.22087009629380946,0.04004704507588284,0.02967553895746605,1.1684603434913066
Salinator,12,0.007123755036592683,-4.525726461073085,0.47683909843069083,0.16299924536813074,0.1569243216538468,0.3234017225453537,0.010826846296454829,1.7711147862964491
Simplisetia,11,-0.08254815560650886,-4.532429885765095,0.5567899251609427,0.11984694219973452,0.24593919300175868,0.6376927444847786,0.010754512062067824,1.889630886653011
