taxa_clean,n,mean_afdm_wm,sd_afdm_wm,lower_ci_mean_afdm_wm,upper_ci_mean_afdm_wm,geom_mean,min_afdm_wm,median_afdm_wm,max_afdm_wm
Arthritica,14,0.18167496752156173,0.12964807320100497,0.14875755771907093,0.21459237732405254,0.1421293056172123,0.02843601895734597,0.13100371048799964,0.4761904761904762
Capitella,18,0.1420786114683437,0.09321392687217163,0.12120641486743618,0.1629508080692512,0.12375945832442953,0.05454545454545454,0.12402717162322227,0.42424242424242425
Hydrobiidae,12,0.26280976970942516,0.1429468040532286,0.22360784120445926,0.30201169821439106,0.226565735860957,0.060606060606060594,0.25996732026143793,0.6265664160401003
Salinator,21,0.16706118762942737,0.10370750430537892,0.14556189647782547,0.18856047878102927,0.12467286233401406,0.0015006713529736987,0.1283725176900251,0.4545454545454546
Simplisetia,17,0.11670268025944426,0.030786086786362923,0.1096092935983486,0.12379606692053992,0.11322921143093168,0.08205004812319537,0.10542191388281427,0.18218623481781376
