taxa_clean,n,r2,p,slope,slope_se,intercept,intercept_se,a,sf
Arthritica,14,0.7734333201314569,2.0843474533980795e-5,0.6864427987512722,0.10190147565705716,-2.7617543091801062,0.3071044734137947,0.06318083236584979,1.1477241127924576
Capitella,18,0.9017773998365888,1.093438274939097e-9,0.8263513991666283,0.06593401076874533,-2.562425032355371,0.2063563742644276,0.07711750106903108,1.0793601333065734
Hydrobiidae,12,0.8014117983719791,5.12213175130845e-5,1.1138398021736486,0.16532473505792805,-1.1258506360127842,0.5514928726489413,0.3243764237009585,1.1620460241018025
Salinator,21,0.8166439615158279,1.2128913770857676e-8,0.7855086656676935,0.08276430238863172,-2.3685658004952472,0.24122620899436725,0.09361489247694087,1.272662196500879
Simplisetia,17,0.9854465737497756,2.095635929100725e-15,0.9250565518169038,0.028091442159034186,-2.2628320757855787,0.060257451056861186,0.10405537435842957,1.0203547345557684
