taxa_clean,n,r2,intercept,intercept_se,slope,slope_se,p,a,sf
Capitella,11,0.2399764039267499,-4.220983117242588,0.5847774817236957,0.42204053943954856,0.2069849456760453,0.07188221245341568,0.0146842011149825,1.367462879323378
Salinator,18,0.2723709633679179,-3.90516238711715,0.39078070858899927,0.367517902520589,0.13543620403154433,0.015338940587435705,0.020137684125291905,1.933446073444439
Simplisetia,15,0.022861701964233205,-4.519157616506722,0.4592986777419274,0.23253122059288986,0.20181593911987275,0.2699896199618438,0.010898200266915592,2.069912087425271
