taxa_clean,n,mean_afdm_wm,sd_afdm_wm,lower_ci_mean_afdm_wm,upper_ci_mean_afdm_wm,geom_mean,min_afdm_wm,median_afdm_wm,max_afdm_wm
Capitella,7,0.09982751109499594,0.05662067530943451,0.07949693757547681,0.12015808461451506,0.08002873434923598,0.020307692307692308,0.11009174311926606,0.16666666666666666
Salinator,12,0.22401618132920936,0.29169070841873923,0.14402251954201528,0.30400984311640344,0.0650074799760071,6.391234877881762e-4,0.08968629904370364,0.9636363636363637
Simplisetia,11,0.129461936138606,0.16153816647697208,0.08319162585226245,0.17573224642494953,0.04009898631199722,0.0010908099263703297,0.07692307692307693,0.522972972972973
