taxa_clean,n,mean_afdm_wm,sd_afdm_wm,lower_ci_mean_afdm_wm,upper_ci_mean_afdm_wm,geom_mean,min_afdm_wm,median_afdm_wm,max_afdm_wm
Arthritica,10,0.14949702228548498,0.10583032523873034,0.11770385932475985,0.1812901852462101,0.12011289102883178,0.02843601895734597,0.10848684122323667,0.3928571428571429
Capitella,13,0.13110748444602363,0.0706580811714535,0.1124903099879395,0.14972465890410777,0.11846195258796531,0.05454545454545454,0.12816041848299914,0.33999999999999997
Hydrobiidae,8,0.23011961378793003,0.07011537997379062,0.2065695599815841,0.25366966759427595,0.21754618132705603,0.09395973154362416,0.25006141667804016,0.310515873015873
Salinator,18,0.17269614211204062,0.10250963436579931,0.14974247720632072,0.19564980701776052,0.15200359543393224,0.08955223880597014,0.12672963150288902,0.4545454545454546
Simplisetia,14,0.11719273086356183,0.03139928609684887,0.10922050927602485,0.12516495245109882,0.11364252392192004,0.08205004812319537,0.10612991629337386,0.18218623481781376
