taxa_clean,n,mean_afdm_wm,sd_afdm_wm,lower_ci_mean_afdm_wm,upper_ci_mean_afdm_wm,geom_mean,min_afdm_wm,median_afdm_wm,max_afdm_wm
Capitella,11,0.10291407180357649,0.09678248477294892,0.07519210554388117,0.13063603806327181,0.06003610675579589,0.004359197907585005,0.08488805970149253,0.33999999999999997
Salinator,18,0.17623304668583273,0.25032259889820085,0.12018152441686603,0.23228456895479943,0.04896988638851415,5.25862893202027e-4,0.08931983904212457,0.9636363636363637
Simplisetia,15,0.10423832874488331,0.14465313235246605,0.06875651448162023,0.1397201430081464,0.029036418070839252,7.297672042618405e-4,0.0611093020731575,0.522972972972973
