taxa_clean,n,r2,pval,Slope,Slope_lowCI,Slope_highCI,Int,Int_lowCI,Int_highCI,a,a_low_ci,a_high_ci,sf
Amphipoda,32,0.556206003659917,9.651701706902316e-7,0.7645996135077071,0.5979114815075305,0.9777577234378163,-3.810284172922862,-4.142392308063119,-3.4781760377826054,1.5478035096074062e-4,7.204563805496179e-5,3.3252473973863423e-4,1.2644294256055022
Arthritica,43,0.856978809720632,6.463277837436745e-19,0.9297244880515492,0.8254190282701487,1.0472106821843372,-3.8524158680886194,-4.069951842034026,-3.634879894143212,1.4047017772934235e-4,8.512324242723576e-5,2.3180356232529623e-4,1.160674042270157
Capitella,77,0.8415514108221618,9.88962675431272e-32,0.8757896390238753,0.7992624009646759,0.9596441555311801,-4.06851222828093,-4.2331824815254935,-3.9038419750363667,8.540587996389872e-5,5.845444191064507e-5,1.2478374771857247e-4,1.0760040559566257
Chironomidae,41,0.6589692173803723,1.1976759890527364e-10,0.890363748068203,0.737742962088583,1.0745580027354713,-4.001204624679328,-4.261518619334296,-3.7408906300243596,9.972300924632909e-5,5.476226224520899e-5,1.8159729283304915e-4,1.1242192613691029
Hydrobiidae,16,0.5835751677109726,5.715770272168162e-4,0.7498874275659662,0.5221602416304648,1.0769321545156372,-3.471226254632547,-3.7903787325138665,-3.152073776751228,3.3788876025348896e-4,1.6203963919268915e-4,7.045733678157361e-4,1.2174480843332744
Salinator,14,0.003817769648336742,0.8337970939981038,-1.7774288384588148,-3.2144515330996426,-0.9828280947010068,-1.3196400396058663,-2.1171060617273163,-0.5221740174844164,0.04790269642680176,0.0076364926531798305,0.3004872039001868,4.678184555700402
Salinator (shell removed),15,0.7653772862086512,1.9659793538116096e-5,1.0313377300927813,0.7745715939010832,1.3732203993640968,-2.0075897517879273,-2.210888697319063,-1.8042908062567917,0.009826757711298697,0.00615334552838841,0.01569311631714256,1.0729293427898354
Simplisetia,56,0.7882523808452817,7.593476429030606e-20,0.8592218720377065,0.7580954615056391,0.9738380756451597,-3.2311364026608946,-3.397381891149487,-3.0648909141723024,5.873048635914611e-4,4.0051437567969296e-4,8.612100432420842e-4,1.2511241395541697
Spisula,23,0.15351033088384844,0.06446392809824673,0.8515363245700074,0.5672406397829411,1.2783183382976,-2.267854196107299,-2.5259462428207136,-2.0097621493938846,0.005396917805961816,0.0029788851344402893,0.009777725722808174,1.5865857846323874
