taxa_clean,n,r2,pval,Slope,Slope_lowCI,Slope_highCI,Int,Int_lowCI,Int_highCI,a,a_low_ci,a_high_ci,sf
Amphipoda,26,0.4645919583431179,1.2600931981593676e-4,1.0940336635946692,0.8075828823215006,1.4820889388315208,-4.395137608417525,-4.946802418160008,-3.8434727986750428,4.025894515966413e-5,1.1303100311332352e-5,1.4339275249498285e-4,1.1760991961610623
Arthritica,35,0.8837361261354053,5.552043690181153e-17,0.9572129246590312,0.8485733691963684,1.0797611808181373,-3.96110187483648,-4.181866835409181,-3.7403369142637786,1.0936997810280425e-4,6.578595211629396e-5,1.8182897298593887e-4,1.0950833819570402
Capitella,62,0.7325625201242699,7.812297983392979e-19,0.9783025004186817,0.8563395320666408,1.1176358751250135,-4.258930842186729,-4.505829763027581,-4.012031921345876,5.508954149708824e-5,3.12011238202977e-5,9.726757279124349e-5,1.0817539826936793
Chironomidae,36,0.6028420430523906,2.6160724913103952e-8,0.9237869990307257,0.7429040614395682,1.14871147416336,-4.078845168497102,-4.3812227418312935,-3.7764675951629103,8.339784555457383e-5,4.1569735211270785e-5,1.673140472941668e-4,1.0839244992878192
Hydrobiidae,12,0.2805332482848759,0.07655250739637541,0.37090553951352984,0.2104268014585095,0.6537708993735187,-3.210079043244666,-3.420518892372447,-2.999639194116885,6.164827894418654e-4,3.797354196294541e-4,0.0010008311314464089,1.0667109994500092
Salinator,11,0.08019441645612828,0.3987643054965997,1.4200949288162612,0.7255440676474003,2.779527387480099,-3.0172700254361295,-3.670553895137585,-2.363986155734674,9.610145754889244e-4,2.1352370906528237e-4,0.004325276187572188,2.9598940403211835
Salinator (shell removed),12,0.6200495581675252,0.0023623409471764368,0.8558586761550709,0.5613810967099478,1.3048071583507073,-1.9071245486184056,-2.1271640164767303,-1.6870850807600808,0.012384413706851592,0.0074616690638368436,0.0205548787476763,1.0536594517592235
Simplisetia,49,0.7473963056440973,1.2055656224431046e-15,0.8099651137734282,0.6992702969232217,0.9381829721876982,-3.195623234117564,-3.3658087503250953,-3.0254377179100325,6.373482033325254e-4,4.307162426651343e-4,9.43109852968822e-4,1.2451217538286743
Spisula,20,0.06669141733560334,0.27162353031604985,0.7311937795763748,0.4607585280961685,1.160356912980663,-2.1435103123874226,-2.378221995589729,-1.9087986291851162,0.007186040948161697,0.004185795477383407,0.012336767237594939,1.395612784358569
