taxa_clean,n,mean_afdm_count,sd_afdm_count,lower_ci_mean_afdm_count,upper_ci_mean_afdm_count,geom_mean,min_afdm_count,median_afdm_count,max_afdm_count,min_count,max_count
Amphipoda,32,9.862962279206459e-5,1.7067544728940006e-4,6.996675332897388e-5,1.272924922551553e-4,6.285281670558379e-5,2.2222222222222223e-5,5.8472044387537345e-5,0.001,1,563
Arthritica,43,1.243292363067081e-4,8.912656198025403e-5,1.1141714669009153e-4,1.3724132592332467e-4,1.0417244897071522e-4,2.857142857142857e-5,9.722222222222223e-5,5e-4,2,535
Capitella,77,5.317289412933817e-5,2.6193698897162526e-5,5.033709755470389e-5,5.600869070397245e-5,0,1.785714285714286e-5,4.545454545454546e-5,1.6666666666666666e-4,6,837
Chironomidae,41,7.878307230633557e-5,5.33648150920428e-5,7.08655975771921e-5,8.670054703547904e-5,6.832590288292554e-5,3.4482758620689657e-5,6.25e-5,3.333333333333333e-4,3,183
Hydrobiidae,16,2.728376253351489e-4,3.0093716927628476e-4,2.0136504763203127e-4,3.4431020303826655e-4,1.8876752989499353e-4,7.692307692307693e-5,1.4285714285714287e-4,0.001,1,49
Salinator,14,0.010255710617580365,0.019261696119583647,0.005365201032633697,0.015146220202527032,0.002077573195432356,1.1764705882352942e-4,0.0018055555555555555,0.0605,1,17
Salinator (shell removed),15,0.010985371572871572,0.0041470949765799415,0.009968135020174051,0.012002608125569093,0.010257229031752102,0.005714285714285714,0.009333333333333334,0.018,2,16
Simplisetia,56,5.31908654399643e-4,5.149130614000095e-4,4.665409098729629e-4,5.972763989263231e-4,3.8083421086456396e-4,6.25e-5,3.73546511627907e-4,0.002,1,231
Spisula,23,0.008053398240071208,0.007763047336341245,0.006515626336768404,0.00959117014337401,0.004605581734315015,8.333333333333334e-4,0.0029999999999999996,0.021,1,23
