taxa_clean,n,mean_wm_count,sd_wm_count,lower_ci_mean_wm_count,upper_ci_mean_wm_count,geom_mean,min_wm_count,median_wm_count,max_wm_count,min_count,max_count
Amphipoda,9,5.504247200370562e-4,3.2476088792268135e-4,4.475837721948738e-4,6.532656678792387e-4,4.952655156318209e-4,2.952380952380952e-4,4.8684210526315786e-4,0.001375,4,61
Arthritica,17,0.0024552268761567535,0.0014612930256545202,0.0021185320396853178,0.0027919217126281893,0.0020688315088768423,5e-4,0.0020829545454545454,0.0055000000000000005,1,173
Capitella,17,0.0019696637137456715,0.002449488952787104,0.0014052797962710493,0.0025340476312202937,0.0011934940971334636,4.2352941176470585e-4,7.146443514644352e-4,0.008714285714285714,2,343
Chironomidae,10,6.497744200244201e-4,3.5373338094676996e-4,5.435071190431589e-4,7.560417210056812e-4,5.62812128198953e-4,1.875e-4,5.506410256410257e-4,0.001288888888888889,2,26
Hydrobiidae,10,0.009291749011857708,0.0035617635845035063,0.008221736897520423,0.010361761126194993,0.008147389717290178,0.0013545454545454546,0.009536363636363638,0.014366666666666666,2,23
Salinator,20,0.09207310281385281,0.11451168897205927,0.06774779034166825,0.11639841528603737,0.03350280631386328,8.6e-4,0.032240909090909084,0.3539125,1,35
Simplisetia,13,0.030891630021054564,0.03106950616836217,0.02270535596615412,0.03907790407595501,0.02170407246210577,0.004603875968992248,0.018677464788732397,0.104,1,129
