taxa_clean,n,mean_wm_count,lower_ci_mean_wm_count,upper_ci_mean_wm_count,sd_wm_count,geom_mean,min_wm_count,median_wm_count,max_wm_count,min_count,max_count
Amphipoda,12,4.970285892378414e-4,3.0311585309745554e-4,6.909413253782273e-4,3.051967067473205e-4,4.358035356796467e-4,1.5555555555555556e-4,4.6342105263157894e-4,0.001375,4,65
Arthritica,19,0.0023496636350713775,0.001666406177504303,0.003032921092638452,0.0014175919681501913,0.0019879472032712548,5e-4,0.0019952830188679246,0.0055000000000000005,1,206
Capitella,23,0.0018752165422883165,9.388049540025291e-4,0.0028116281305741045,0.0021654518221961593,0.0012074862013434272,4.2352941176470585e-4,8.556473829201102e-4,0.008714285714285714,1,472
Chironomidae,13,0.0011934162205316052,-2.0447846969002578e-5,0.002407280288032213,0.0020087311205548436,6.96749975701952e-4,1.875e-4,6.346153846153846e-4,0.0078,1,51
Hydrobiidae,14,0.008057675159984942,0.005711061565345475,0.01040428875462441,0.004064224901625319,0.006331894580383538,7.5e-4,0.009014772727272727,0.014366666666666666,1,48
Salinator,23,0.10119711509504987,0.04945760927056304,0.15293662091953672,0.11964760856095899,0.03411094288929363,8.6e-4,0.047781818181818175,0.3539125,1,80
Simplisetia,18,0.02493529434491349,0.010910607740914282,0.0389599809489127,0.028202325660771424,0.015481967189192298,0.0011,0.017467229254571028,0.104,1,285
