taxa_clean,n,r2,p,slope,slope_se,slope_ci_lower,slope_ci_upper,intercept,intercept_se,intercept_ci_lower,intercept_ci_upper,a,a_ci_lower,a_ci_upper,sf
Amphipoda,12,0.7944609738609807,6.102629205246653e-5,0.9399593132205268,0.14248708579266242,0.6224783014595943,1.2574403249814594,-7.573186951595171,0.4218984751814592,-8.513235335740747,-6.6331385674495955,5.140515778174034e-4,2.007931396659097e-4,0.0013160261605363285,1.1313393645470184
Arthritica,19,0.9137740693831757,1.0931845772214917e-10,0.9355804761490659,0.0675630175713345,0.7930349691916383,1.0781259831064935,-6.037797603049563,0.23684486279000752,-6.537496584093715,-5.5380986220054105,0.002386809831886212,0.0014481091846555122,0.003933999752196794,1.1552882184699416
Capitella,23,0.8194831980938188,1.795456318674585e-9,0.8805907627703787,0.08767749596126485,0.6982554282982771,1.0629260972424803,-6.332740720493903,0.33759812548009993,-7.034814456196432,-5.630666984791374,0.0017771563994362367,8.806815547739862e-4,0.0035861826002109194,1.4641230982185869
Chironomidae,13,0.461215383425151,0.0063928897798377765,0.7062418123878361,0.21035177333951977,0.24326068086859315,1.1692229439070791,-6.666856060533621,0.4919114715410968,-7.749545909474415,-5.5841662115928266,0.0012723927951262257,4.309381810982214e-4,0.0037568809079836984,1.416874645298262
Hydrobiidae,14,0.5805106240367046,9.320311202522034e-4,0.9003402003681173,0.2066062707845941,0.45018380689294224,1.3504965938432925,-4.889563747750196,0.43298920686184766,-5.832966186768227,-3.9461613087321648,0.007524704428297416,0.0029293750073793186,0.01932875667697228,1.261125719435723
Salinator,23,0.7578311072738693,4.058203212257836e-8,1.8785678471896678,0.22477969667398115,1.4111128779727682,2.3460228164065673,-4.815598202937933,0.47159165353301824,-5.796326734683217,-3.8348696711926484,0.008102373764119581,0.003038696207462266,0.021604153930319645,2.1890587820931326
Simplisetia,18,0.7852667584489939,6.036090149271128e-7,0.8327796839602921,0.10478076835087949,0.610654377876788,1.0549049900437961,-3.70599024510425,0.3742732984725564,-4.499414193893241,-2.9125662963152594,0.02457586918015286,0.011115506162757114,0.054336108236224166,1.387537373941278
