taxa_clean,n,mean_dm_wm,sd_dm_wm,lower_ci_mean_dm_wm,upper_ci_mean_dm_wm,geom_mean,min_dm_wm,median_dm_wm,max_dm_wm
Arthritica,12,0.6327673980962685,0.1150441216314011,0.6012175396647961,0.6643172565277409,0.6237621757496331,0.5059078377313904,0.5935558128085372,0.8523936170212766
Capitella,12,0.1668895293044617,0.021890924415033694,0.1608861320301427,0.17289292657878066,0.16556410445738695,0.12272727272727274,0.1653243682577213,0.2160493827160494
Hydrobiidae,8,0.7431745772639232,0.06946563413626981,0.7198427573092627,0.7665063972185837,0.7403469391057744,0.6363636363636364,0.7345303362573099,0.8612487611496531
Salinator,16,0.5753975874205283,0.11089213491442845,0.5490607053783515,0.601734469462705,0.56679921147289,0.4401197604790419,0.5418258884812794,0.8681818181818182
Simplisetia,14,0.16148953743859198,0.027198951539459216,0.15458377314979785,0.16839530172738612,0.15937648972148,0.11894510226049516,0.15771829521829522,0.20445344129554655
