taxa_clean,n,r2,p,slope,slope_se,intercept,intercept_se,a,sf
Arthritica,12,0.9881001748020736,3.662746955427134e-11,0.933959725988268,0.03088616590926882,-0.6622650662017476,0.09916795670813691,0.5156819568614477,1.0097351882183485
Capitella,12,0.9848984609077983,1.2070977560624537e-10,0.9714993811437892,0.03624587491406041,-1.8689621883397334,0.09785011733981593,0.1542836961768857,1.0072461980998304
Hydrobiidae,8,0.9828313757037925,1.001445836824684e-6,1.0930423788370789,0.05453496086468059,0.0063555985719511675,0.18229871414087234,1.0063758382442465,1.00256505342561
Salinator,16,0.9949102889026302,1.1458854817673533e-17,0.97395525672657135,0.01798348825879481,-0.6135637015663944,0.05239155556821145,0.5414179749059063,1.012534828304862
Simplisetia,14,0.9896340140157408,1.7385678028838955e-13,0.9981116948292916,0.028320477857001796,-1.838663664983354,0.05714864856836686,0.1590298012652565,1.013248732457816
