taxa_clean,n,r2,intercept,intercept_se,slope,slope_se,p,a,sf
Arthritica,16,0.9867855042227319,-0.541172988261287,0.09233186943476913,0.9760984126379748,0.02915198420312629,9.143140919964248e-15,0.5820650962600502,1.014403608380306
Capitella,17,0.9622711760247482,-2.061988579239021,0.12711092545404307,0.8843663366079997,0.04372488111350298,2.6815323220639207e-12,0.12720076941440542,1.0298409527959362
Hydrobiidae,13,0.9613592162738449,-0.08345897789231978,0.20412872830396844,1.081257361309339,0.06247301310096149,2.5056121118375347e-9,0.9199288233164611,1.0220832918923253
Salinator,22,0.9924591510367354,-0.6060919822765488,0.058453159062116046,1.0057352430637638,0.019127106202650013,6.452537009913272e-23,0.5454784485021457,1.0249606134518754
Simplisetia,17,0.9879021211878833,-1.7699217813346175,0.06210459946933748,1.046924866991514,0.028952564922744606,5.235396606741546e-16,0.17034631256554175,1.0214529052589632
