taxa_clean,n,mean_afdm_dm,sd_afdm_dm,lower_ci_mean_afdm_dm,upper_ci_mean_afdm_dm,geom_mean,min_afdm_dm,median_afdm_dm,max_afdm_dm
Arthritica,14,0.24522174649864706,0.1255528478206777,0.2133441069661609,0.2770993860311332,0.21386638524397297,0.05121951219512195,0.20243370039747183,0.5038167938931297
Capitella,17,0.6924050663792622,0.1613288900767649,0.6552334633476355,0.729576669410889,0.6739911914724248,0.44444444444444436,0.7020648967551623,1
Hydrobiidae,12,0.3583082180954122,0.18491875101221678,0.30759584502473364,0.40902059116609074,0.3214007828123441,0.09523809523809523,0.3419099951869084,0.88339222614841
Salinator,21,0.2810055696724206,0.12938581081740916,0.2541829859425247,0.30782815340231645,0.22242110689118577,0.002833072392455081,0.23803235391218222,0.55
Simplisetia,16,0.7060103741259715,0.18746547617885578,0.6614873235334932,0.7505334247184497,0.6815370307989301,0.4130781499202552,0.7107538112570554,0.9565217391304348
