taxa_clean,n,r2,p,slope,slope_se,intercept,intercept_se,a,sf
Arthritica,14,0.8273195170809645,3.982745299126097e-6,0.7913246407545327,0.0994739280625543,-2.167224400048532,0.3281543622075506,0.1144949685156038,1.1040194414791438
Capitella,17,0.965418308179575,1.3934685602379527e-12,1.0178026021100135,0.04810423557055016,-0.31771258355498755,0.2162584273327287,0.7278119434772852,1.027440672808775
Hydrobiidae,12,0.8616147123358286,8.19782095756553e-6,1.0513684832472052,0.12612447308685268,-0.9551707834739834,0.46664772064368315,0.3847464306096883,1.1152394493543922
Salinator,21,0.8302342787101015,5.7955355096389275e-9,0.8016481135601575,0.0806463311780755,-1.88295029937784,0.25768731261881206,0.1521405827026624,1.2338079011866625
Simplisetia,16,0.9915875064927198,3.866830077434873e-16,0.88657629506846,0.021078735375583073,-0.7095404852736582,0.07330809965135061,0.49187016712403664,1.0115586996120502
