taxa_clean,n,r2,p,slope,slope_se,intercept,intercept_se,a,sf
Arthritica,11,0.7640017392132353,2.6708593727211275e-4,0.6940441851452548,0.12014016826235563,-2.5887916165987686,0.3780622261788902,0.07511074785036706,1.0672939911987258
Capitella,12,0.9515232519116095,4.168080385941597e-8,1.061510327718895,0.07207448088225292,-0.1789614420917511,0.3157750877541827,0.8361381385131232,1.0262412713924096
Hydrobiidae,8,0.9644772779896287,8.923814776054747e-6,0.9424835395759859,0.0681855471709128,-1.2934746985999974,0.24479817276520538,0.2743159599071917,1.0119951502183453
Salinator,18,0.9815925315394669,1.6061649502445642e-15,0.9276477291114678,0.03079290288598615,-1.4700924210089454,0.09471926041303926,0.22990423622334105,1.0400704591263925
Simplisetia,12,0.9861849553302602,7.730076154559582e-11,0.8841670158196154,0.031532511627643166,-0.697278135899817,0.10991642657646362,0.4979387826596398,1.0128802159491028
